Status,Module,File Time Stamp,Link Time Stamp,File Size,Attr.,Link Checksum,Real Checksum,CPU,Subsystem,Symbols,Preferred Base,Actual Base,Virtual Size,Load Order,File Ver,Product Ver,Image Ver,Linker Ver,OS Ver,Subsystem Ver
?,"MSVCP140.DLL","Error opening file. The system cannot find the file specified (2).",,,,,,,,,,,,,,,,,,
?,"VCRUNTIME140.DLL","Error opening file. The system cannot find the file specified (2).",,,,,,,,,,,,,,,,,,
D?,"API-MS-WIN-APPMODEL-RUNTIME-L1-1-0.DLL","Error opening file. The system cannot find the file specified (2).",,,,,,,,,,,,,,,,,,
D?,"API-MS-WIN-CORE-WINRT-ERROR-L1-1-0.DLL","Error opening file. The system cannot find the file specified (2).",,,,,,,,,,,,,,,,,,
D?,"API-MS-WIN-CORE-WINRT-L1-1-0.DLL","Error opening file. The system cannot find the file specified (2).",,,,,,,,,,,,,,,,,,
D?,"API-MS-WIN-CORE-WINRT-ROBUFFER-L1-1-0.DLL","Error opening file. The system cannot find the file specified (2).",,,,,,,,,,,,,,,,,,
D?,"API-MS-WIN-CORE-WINRT-STRING-L1-1-0.DLL","Error opening file. The system cannot find the file specified (2).",,,,,,,,,,,,,,,,,,
D?,"API-MS-WIN-SHCORE-SCALING-L1-1-1.DLL","Error opening file. The system cannot find the file specified (2).",,,,,,,,,,,,,,,,,,
D?,"DCOMP.DLL","Error opening file. The system cannot find the file specified (2).",,,,,,,,,,,,,,,,,,
D?,"IESHIMS.DLL","Error opening file. The system cannot find the file specified (2).",,,,,,,,,,,,,,,,,,
E6,"c:\windows\system32\API-MS-WIN-CORE-THREADPOOL-L1-1-0.DLL",2017-07-07 17:29:28,2017-07-07 17:30:27,4608,HA,0x00010439,0x00010439,x64,Console,"CV",0x000007FF26E80000,Unknown,0x00004000,Not Loaded,6.1.7601.23864,6.1.7601.23864,6.1,9.0,6.1,6.1
DE6,"c:\windows\system32\DWMAPI.DLL",2009-07-14 03:40:34,2009-07-14 03:28:07,82432,A,0x00014877,0x00014877,x64,GUI,"CV",0x000007FF70F60000,Unknown,0x00018000,Not Loaded,6.1.7600.16385,6.1.7600.16385,6.1,9.0,6.1,6.1
DE6,"c:\windows\system32\ESENT.DLL",2010-11-21 05:24:00,2010-11-20 15:01:22,2565632,A,0x0027AC29,0x0027AC29,x64,Console,"CV",0x000007FF7C980000,Unknown,0x0027A000,Not Loaded,6.1.7601.17514,6.1.7601.17514,6.1,9.0,6.1,5.2
DE6,"c:\windows\system32\IEFRAME.DLL",2017-08-29 17:31:26,2015-05-22 19:56:03,14404096,A,0x00DCAF3A,0x00DCAF3A,x64,GUI,"CV",0x0000000180000000,Unknown,0x00DC3000,Not Loaded,11.0.9600.17840,11.0.9600.17840,6.3,11.0,6.3,6.1
DE6,"c:\windows\system32\IMM32.DLL",2009-07-14 03:41:09,2009-07-14 03:28:32,167424,A,0x0003550D,0x0003550D,x64,GUI,"CV",0x000007FF718F0000,Unknown,0x0002E000,Not Loaded,6.1.7600.16385,6.1.7600.16385,6.1,9.0,6.1,6.1
DE6,"c:\windows\system32\MFPLAT.DLL",2016-06-14 19:16:28,2016-06-14 19:17:15,433152,A,0x00069C1C,0x00069C1C,x64,Console,"CV",0x000007FF385D0000,Unknown,0x0006D000,Not Loaded,12.0.7601.23471,12.0.7601.23471,6.1,9.0,6.1,6.1
DE6,"c:\windows\system32\NCRYPT.DLL",2017-07-07 17:29:35,2017-07-07 17:29:52,312320,A,0x0004C607,0x0004C607,x64,Console,"CV",0x000007FF729D0000,Unknown,0x00050000,Not Loaded,6.1.7601.23864,6.1.7601.23864,6.1,9.0,6.1,6.1
DE6,"c:\windows\system32\NDFAPI.DLL",2009-07-14 03:41:52,2009-07-14 03:31:04,238592,A,0x0003D104,0x0003D104,x64,Console,"CV",0x000007FF31480000,Unknown,0x0003D000,Not Loaded,6.1.7600.16385,6.1.7600.16385,6.1,9.0,6.1,6.1
DE6,"c:\windows\system32\OLE32.DLL",2017-04-17 17:37:29,2017-04-17 17:37:46,2065408,A,0x00203CE4,0x00203CE4,x64,Console,"CV",0x000007FF7A5F0000,Unknown,0x001FC000,Not Loaded,6.1.7601.23775,6.1.7601.23775,6.1,9.0,6.1,6.1
DE6,"c:\windows\system32\USERENV.DLL",2010-11-21 05:24:03,2010-11-20 15:15:32,109056,A,0x00020AAD,0x00020AAD,x64,GUI,"CV",0x000007FF70720000,Unknown,0x0001E000,Not Loaded,6.1.7601.17514,6.1.7601.17514,6.1,9.0,6.1,6.1
DE6,"c:\windows\system32\UXTHEME.DLL",2009-07-14 03:41:56,2009-07-14 03:34:11,332288,A,0x00056D60,0x00056D60,x64,GUI,"CV",0x000007FF72EE0000,Unknown,0x00056000,Not Loaded,6.1.7600.16385,6.1.7600.16385,6.1,9.0,6.1,6.1
6,"c:\python27_x64\lib\site-packages\PYTHON_EXAMPLE.PYD",2017-09-02 20:24:20,2017-09-02 20:02:35,119296,A,0x00000000,0x0002A926,x64,GUI,"Unknown",0x0000000180000000,Unknown,0x00022000,Not Loaded,N/A,N/A,0.0,14.0,6.0,6.0
6,"c:\windows\system32\ADVAPI32.DLL",2017-07-07 17:29:28,2017-07-07 17:29:38,880640,A,0x000DC2CE,0x000DC2CE,x64,Console,"CV",0x000007FF7FF10000,Unknown,0x000DB000,Not Loaded,6.1.7601.23864,6.1.7601.23864,6.1,9.0,6.1,6.1
6,"c:\windows\system32\API-MS-WIN-CORE-CONSOLE-L1-1-0.DLL",2017-07-07 17:29:28,2017-07-07 17:30:03,3072,HA,0x0000A4D2,0x0000A4D2,x64,Console,"CV",0x0000000000400000,Unknown,0x00003000,Not Loaded,6.1.7601.23864,6.1.7601.23864,6.1,9.0,6.1,6.1
6,"c:\windows\system32\API-MS-WIN-CORE-DATETIME-L1-1-0.DLL",2017-07-07 17:29:28,2017-07-07 17:30:04,3072,HA,0x000067C5,0x000067C5,x64,Console,"CV",0x000007FF38000000,Unknown,0x00004000,Not Loaded,6.1.7601.23864,6.1.7601.23864,6.1,9.0,6.1,6.1
6,"c:\windows\system32\API-MS-WIN-CORE-DEBUG-L1-1-0.DLL",2017-07-07 17:29:28,2017-07-07 17:30:05,3072,HA,0x00007132,0x00007132,x64,Console,"CV",0x000007FF37C00000,Unknown,0x00004000,Not Loaded,6.1.7601.23864,6.1.7601.23864,6.1,9.0,6.1,6.1
6,"c:\windows\system32\API-MS-WIN-CORE-DELAYLOAD-L1-1-0.DLL",2017-07-07 17:29:28,2017-07-07 17:30:06,3072,HA,0x00004003,0x00004003,x64,Console,"CV",0x000007FF37800000,Unknown,0x00004000,Not Loaded,6.1.7601.23864,6.1.7601.23864,6.1,9.0,6.1,6.1
6,"c:\windows\system32\API-MS-WIN-CORE-ERRORHANDLING-L1-1-0.DLL",2017-07-07 17:29:28,2017-07-07 17:30:07,3072,HA,0x0000E123,0x0000E123,x64,Console,"CV",0x000007FF37400000,Unknown,0x00004000,Not Loaded,6.1.7601.23864,6.1.7601.23864,6.1,9.0,6.1,6.1
6,"c:\windows\system32\API-MS-WIN-CORE-FIBERS-L1-1-0.DLL",2017-07-07 17:29:28,2017-07-07 17:30:08,3072,HA,0x0000949B,0x0000949B,x64,Console,"CV",0x000007FF37000000,Unknown,0x00004000,Not Loaded,6.1.7601.23864,6.1.7601.23864,6.1,9.0,6.1,6.1
6,"c:\windows\system32\API-MS-WIN-CORE-FILE-L1-1-0.DLL",2017-07-07 17:29:28,2017-07-07 17:30:09,5120,HA,0x00009D58,0x00009D58,x64,Console,"CV",0x000007FF2F400000,Unknown,0x00004000,Not Loaded,6.1.7601.23864,6.1.7601.23864,6.1,9.0,6.1,6.1
6,"c:\windows\system32\API-MS-WIN-CORE-FILE-L1-2-0.DLL",2017-01-18 17:36:12,2017-01-14 06:38:53,11608,A,0x00011863,0x00011863,x64,Console,"CV,Unknown",0x0000000180000000,Unknown,0x00003000,Not Loaded,10.0.10586.788,10.0.10586.788,10.0,12.10,10.0,10.0
6,"c:\windows\system32\API-MS-WIN-CORE-FILE-L2-1-0.DLL",2017-01-18 17:36:12,2017-01-14 09:17:12,11616,A,0x00009151,0x00009151,x64,Console,"CV,Unknown",0x0000000180000000,Unknown,0x00003000,Not Loaded,10.0.10586.788,10.0.10586.788,10.0,12.10,10.0,10.0
6,"c:\windows\system32\API-MS-WIN-CORE-HANDLE-L1-1-0.DLL",2017-07-07 17:29:28,2017-07-07 17:30:10,3072,HA,0x0000682B,0x0000682B,x64,Console,"CV",0x000007FF2F000000,Unknown,0x00004000,Not Loaded,6.1.7601.23864,6.1.7601.23864,6.1,9.0,6.1,6.1
6,"c:\windows\system32\API-MS-WIN-CORE-HEAP-L1-1-0.DLL",2017-07-07 17:29:28,2017-07-07 17:30:11,3584,HA,0x0000ECF5,0x0000ECF5,x64,Console,"CV",0x000007FF2EC00000,Unknown,0x00004000,Not Loaded,6.1.7601.23864,6.1.7601.23864,6.1,9.0,6.1,6.1
6,"c:\windows\system32\API-MS-WIN-CORE-INTERLOCKED-L1-1-0.DLL",2017-07-07 17:29:28,2017-07-07 17:30:12,3072,HA,0x00001CC0,0x00001CC0,x64,Console,"CV",0x000007FF2E800000,Unknown,0x00004000,Not Loaded,6.1.7601.23864,6.1.7601.23864,6.1,9.0,6.1,6.1
6,"c:\windows\system32\API-MS-WIN-CORE-IO-L1-1-0.DLL",2017-07-07 17:29:28,2017-07-07 17:30:13,3072,HA,0x0000FCCC,0x0000FCCC,x64,Console,"CV",0x000007FF2E400000,Unknown,0x00004000,Not Loaded,6.1.7601.23864,6.1.7601.23864,6.1,9.0,6.1,6.1
6,"c:\windows\system32\API-MS-WIN-CORE-LIBRARYLOADER-L1-1-0.DLL",2017-07-07 17:29:28,2017-07-07 17:30:14,3584,HA,0x0000BA6A,0x0000BA6A,x64,Console,"CV",0x000007FF2E000000,Unknown,0x00004000,Not Loaded,6.1.7601.23864,6.1.7601.23864,6.1,9.0,6.1,6.1
6,"c:\windows\system32\API-MS-WIN-CORE-LOCALIZATION-L1-1-0.DLL",2017-07-07 17:29:28,2017-07-07 17:30:15,4096,HA,0x00009364,0x00009364,x64,Console,"CV",0x0000000000400000,Unknown,0x00003000,Not Loaded,6.1.7601.23864,6.1.7601.23864,6.1,9.0,6.1,6.1
6,"c:\windows\system32\API-MS-WIN-CORE-LOCALIZATION-L1-2-0.DLL",2017-01-18 17:36:12,2017-01-14 06:38:53,14176,A,0x0000FA23,0x0000FA23,x64,Console,"CV,Unknown",0x0000000180000000,Unknown,0x00003000,Not Loaded,10.0.10586.788,10.0.10586.788,10.0,12.10,10.0,10.0
6,"c:\windows\system32\API-MS-WIN-CORE-LOCALREGISTRY-L1-1-0.DLL",2017-07-07 17:29:28,2017-07-07 17:30:16,4096,HA,0x00005524,0x00005524,x64,Console,"CV",0x000007FF2DC00000,Unknown,0x00004000,Not Loaded,6.1.7601.23864,6.1.7601.23864,6.1,9.0,6.1,6.1
6,"c:\windows\system32\API-MS-WIN-CORE-MEMORY-L1-1-0.DLL",2017-07-07 17:29:28,2017-07-07 17:30:17,3584,HA,0x000032E6,0x000032E6,x64,Console,"CV",0x000007FF2D800000,Unknown,0x00004000,Not Loaded,6.1.7601.23864,6.1.7601.23864,6.1,9.0,6.1,6.1
6,"c:\windows\system32\API-MS-WIN-CORE-MISC-L1-1-0.DLL",2017-07-07 17:29:28,2017-07-07 17:30:18,3584,HA,0x0000938F,0x0000938F,x64,Console,"CV",0x000007FF2D400000,Unknown,0x00004000,Not Loaded,6.1.7601.23864,6.1.7601.23864,6.1,9.0,6.1,6.1
6,"c:\windows\system32\API-MS-WIN-CORE-NAMEDPIPE-L1-1-0.DLL",2017-07-07 17:29:28,2017-07-07 17:30:19,3584,HA,0x00009D10,0x00009D10,x64,Console,"CV",0x000007FF2D000000,Unknown,0x00004000,Not Loaded,6.1.7601.23864,6.1.7601.23864,6.1,9.0,6.1,6.1
6,"c:\windows\system32\API-MS-WIN-CORE-PROCESSENVIRONMENT-L1-1-0.DLL",2017-07-07 17:29:28,2017-07-07 17:30:20,3584,HA,0x0000F149,0x0000F149,x64,Console,"CV",0x000007FF2CC00000,Unknown,0x00004000,Not Loaded,6.1.7601.23864,6.1.7601.23864,6.1,9.0,6.1,6.1
6,"c:\windows\system32\API-MS-WIN-CORE-PROCESSTHREADS-L1-1-0.DLL",2017-07-07 17:29:28,2017-07-07 17:30:21,4608,HA,0x000023EF,0x000023EF,x64,Console,"CV",0x000007FF2C800000,Unknown,0x00004000,Not Loaded,6.1.7601.23864,6.1.7601.23864,6.1,9.0,6.1,6.1
6,"c:\windows\system32\API-MS-WIN-CORE-PROCESSTHREADS-L1-1-1.DLL",2017-01-18 17:36:12,2017-01-14 06:38:53,12128,A,0x0000A833,0x0000A833,x64,Console,"CV,Unknown",0x0000000180000000,Unknown,0x00003000,Not Loaded,10.0.10586.788,10.0.10586.788,10.0,12.10,10.0,10.0
6,"c:\windows\system32\API-MS-WIN-CORE-PROFILE-L1-1-0.DLL",2017-07-07 17:29:28,2017-07-07 17:30:22,3072,HA,0x0000D2D8,0x0000D2D8,x64,Console,"CV",0x000007FF2C400000,Unknown,0x00004000,Not Loaded,6.1.7601.23864,6.1.7601.23864,6.1,9.0,6.1,6.1
6,"c:\windows\system32\API-MS-WIN-CORE-RTLSUPPORT-L1-1-0.DLL",2017-07-07 17:29:28,2017-07-07 17:30:23,3584,HA,0x00002D90,0x00002D90,x64,Console,"CV",0x000007FF2C000000,Unknown,0x00004000,Not Loaded,6.1.7601.23864,6.1.7601.23864,6.1,9.0,6.1,6.1
6,"c:\windows\system32\API-MS-WIN-CORE-STRING-L1-1-0.DLL",2017-07-07 17:29:28,2017-07-07 17:30:24,3072,HA,0x000022D9,0x000022D9,x64,Console,"CV",0x000007FF26EB0000,Unknown,0x00004000,Not Loaded,6.1.7601.23864,6.1.7601.23864,6.1,9.0,6.1,6.1
6,"c:\windows\system32\API-MS-WIN-CORE-SYNCH-L1-1-0.DLL",2017-07-07 17:29:28,2017-07-07 17:30:25,4096,HA,0x00010C68,0x00010C68,x64,Console,"CV",0x000007FF26EA0000,Unknown,0x00004000,Not Loaded,6.1.7601.23864,6.1.7601.23864,6.1,9.0,6.1,6.1
6,"c:\windows\system32\API-MS-WIN-CORE-SYNCH-L1-2-0.DLL",2017-01-18 17:36:12,2017-01-14 08:56:34,12128,A,0x0000BDFB,0x0000BDFB,x64,Console,"CV,Unknown",0x0000000180000000,Unknown,0x00003000,Not Loaded,10.0.10586.788,10.0.10586.788,10.0,12.10,10.0,10.0
6,"c:\windows\system32\API-MS-WIN-CORE-SYSINFO-L1-1-0.DLL",2017-07-07 17:29:28,2017-07-07 17:30:26,4096,HA,0x00009B13,0x00009B13,x64,Console,"CV",0x000007FF26E90000,Unknown,0x00004000,Not Loaded,6.1.7601.23864,6.1.7601.23864,6.1,9.0,6.1,6.1
6,"c:\windows\system32\API-MS-WIN-CORE-TIMEZONE-L1-1-0.DLL",2017-01-18 17:36:12,2017-01-14 08:56:35,11616,A,0x00006B5F,0x00006B5F,x64,Console,"CV,Unknown",0x0000000180000000,Unknown,0x00003000,Not Loaded,10.0.10586.788,10.0.10586.788,10.0,12.10,10.0,10.0
6,"c:\windows\system32\API-MS-WIN-CORE-UTIL-L1-1-0.DLL",2017-07-07 17:29:28,2017-07-07 17:30:29,3072,HA,0x00004975,0x00004975,x64,Console,"CV",0x000007FF26E70000,Unknown,0x00004000,Not Loaded,6.1.7601.23864,6.1.7601.23864,6.1,9.0,6.1,6.1
6,"c:\windows\system32\API-MS-WIN-CRT-HEAP-L1-1-0.DLL",2017-01-18 17:36:12,2017-01-14 09:10:17,12640,A,0x0000A443,0x0000A443,x64,Console,"CV,Unknown",0x0000000180000000,Unknown,0x00003000,Not Loaded,10.0.10586.788,10.0.10586.788,10.0,12.10,10.0,10.0
6,"c:\windows\system32\API-MS-WIN-CRT-RUNTIME-L1-1-0.DLL",2017-01-18 17:36:12,2017-01-14 09:11:30,16224,A,0x0000BF06,0x0000BF06,x64,Console,"CV,Unknown",0x0000000180000000,Unknown,0x00004000,Not Loaded,10.0.10586.788,10.0.10586.788,10.0,12.10,10.0,10.0
6,"c:\windows\system32\API-MS-WIN-CRT-STDIO-L1-1-0.DLL",2017-01-18 17:36:12,2017-01-14 09:08:51,17760,A,0x0001183D,0x0001183D,x64,Console,"CV,Unknown",0x0000000180000000,Unknown,0x00004000,Not Loaded,10.0.10586.788,10.0.10586.788,10.0,12.10,10.0,10.0
6,"c:\windows\system32\API-MS-WIN-CRT-STRING-L1-1-0.DLL",2017-01-18 17:36:12,2017-01-14 09:13:23,17760,A,0x00007512,0x00007512,x64,Console,"CV,Unknown",0x0000000180000000,Unknown,0x00004000,Not Loaded,10.0.10586.788,10.0.10586.788,10.0,12.10,10.0,10.0
6,"c:\windows\system32\API-MS-WIN-SECURITY-BASE-L1-1-0.DLL",2017-07-07 17:29:28,2017-07-07 17:30:31,6144,HA,0x0000B770,0x0000B770,x64,Console,"CV",0x000007FF26E50000,Unknown,0x00004000,Not Loaded,6.1.7601.23864,6.1.7601.23864,6.1,9.0,6.1,6.1
6,"c:\windows\system32\API-MS-WIN-SERVICE-CORE-L1-1-0.DLL",2009-07-14 03:24:53,2009-07-14 03:25:56,2560,HA,0x00005EBE,0x00005EBE,x64,Console,"CV",0x0000000000400000,Unknown,0x00003000,Not Loaded,6.1.7600.16385,6.1.7600.16385,6.1,9.0,6.1,6.1
6,"c:\windows\system32\API-MS-WIN-SERVICE-MANAGEMENT-L1-1-0.DLL",2009-07-14 03:24:53,2009-07-14 03:25:57,2560,HA,0x00002F64,0x00002F64,x64,Console,"CV",0x0000000000400000,Unknown,0x00003000,Not Loaded,6.1.7600.16385,6.1.7600.16385,6.1,9.0,6.1,6.1
6,"c:\windows\system32\API-MS-WIN-SERVICE-MANAGEMENT-L2-1-0.DLL",2009-07-14 03:24:53,2009-07-14 03:25:58,2560,HA,0x00003AFF,0x00003AFF,x64,Console,"CV",0x0000000000400000,Unknown,0x00003000,Not Loaded,6.1.7600.16385,6.1.7600.16385,6.1,9.0,6.1,6.1
6,"c:\windows\system32\API-MS-WIN-SERVICE-WINSVC-L1-1-0.DLL",2009-07-14 03:24:53,2009-07-14 03:25:59,3584,HA,0x00005895,0x00005895,x64,Console,"CV",0x0000000000400000,Unknown,0x00003000,Not Loaded,6.1.7600.16385,6.1.7600.16385,6.1,9.0,6.1,6.1
6,"c:\windows\system32\GDI32.DLL",2017-05-12 20:22:32,2017-05-12 20:22:36,405504,A,0x00071C4B,0x00071C4B,x64,Console,"CV",0x000007FF7FD70000,Unknown,0x00067000,Not Loaded,6.1.7601.23807,6.1.7601.23807,6.1,9.0,6.1,6.1
6,"c:\windows\system32\KERNEL32.DLL",2017-07-07 17:29:33,2017-07-07 17:32:23,1163264,A,0x00122D97,0x00122D97,x64,Console,"CV",0x0000000078D20000,Unknown,0x0011F000,Not Loaded,6.1.7601.23864,6.1.7601.23864,6.1,9.0,6.1,6.1
6,"c:\windows\system32\KERNELBASE.DLL",2017-07-07 17:29:33,2017-07-07 17:32:24,419840,A,0x00066970,0x00066970,x64,Console,"CV",0x000007FF38880000,Unknown,0x0006A000,Not Loaded,6.1.7601.23864,6.1.7601.23864,6.1,9.0,6.1,6.1
6,"c:\windows\system32\LPK.DLL",2017-05-12 20:22:33,2017-05-12 20:22:58,41472,A,0x00017048,0x00017048,x64,Console,"CV",0x000007FF70410000,Unknown,0x0000E000,Not Loaded,6.1.7601.23807,6.1.7601.23807,6.1,9.0,6.1,6.1
6,"c:\windows\system32\MSVCRT.DLL",2011-12-16 10:46:06,2011-12-16 10:37:19,634880,A,0x000A708A,0x000A708A,x64,GUI,"CV",0x000007FF756A0000,Unknown,0x0009F000,Not Loaded,7.0.7601.17744,6.1.8638.17744,6.1,9.0,6.1,6.1
6,"c:\windows\system32\NTDLL.DLL",2017-07-07 17:31:14,2017-07-07 17:31:14,1732864,A,0x001B0441,0x001B0441,x64,Console,"CV",0x0000000078E50000,Unknown,0x001AA000,Not Loaded,6.1.7601.23864,6.1.7601.23864,6.1,9.0,6.1,6.1
6,"c:\windows\system32\PYTHON27.DLL",2016-12-17 20:54:56,2016-12-17 22:54:50,3407360,A,0x00343A7A,0x00343A7A,x64,GUI,"CV",0x000000001E000000,Unknown,0x00365000,Not Loaded,2.7.13150.1013,2.7.13150.1013,0.0,9.0,5.2,5.2
6,"c:\windows\system32\RPCRT4.DLL",2017-07-07 17:29:39,2017-07-07 17:29:48,1212928,A,0x00132CC5,0x00132CC5,x64,Console,"CV",0x000007FF7FDE0000,Unknown,0x0012D000,Not Loaded,6.1.7601.23864,6.1.7601.23864,6.1,9.0,6.1,6.1
6,"c:\windows\system32\SHELL32.DLL",2017-05-10 17:29:53,2017-05-10 17:29:55,14183936,A,0x00D8927B,0x00D8927B,x64,GUI,"CV",0x000007FF788C0000,Unknown,0x00D8B000,Not Loaded,6.1.7601.23806,6.1.7601.23806,6.1,9.0,6.1,6.1
6,"c:\windows\system32\SHLWAPI.DLL",2010-11-21 05:24:22,2010-11-20 15:14:19,448512,A,0x0007CD14,0x0007CD14,x64,GUI,"CV",0x000007FF74180000,Unknown,0x00071000,Not Loaded,6.1.7601.17514,6.1.7601.17514,6.1,9.0,6.1,6.1
6,"c:\windows\system32\UCRTBASE.DLL",2017-01-18 17:36:12,2017-01-14 06:39:18,994760,A,0x000F5D2B,0x000F5D2B,x64,Console,"CV,Unknown",0x0000000180000000,Unknown,0x000F4000,Not Loaded,10.0.10586.788,10.0.10586.788,10.0,12.10,10.0,5.2
6,"c:\windows\system32\USER32.DLL",2016-11-10 18:32:41,2016-11-10 18:33:04,1009152,A,0x00100335,0x00100335,x64,GUI,"CV",0x0000000078C20000,Unknown,0x000FA000,Not Loaded,6.1.7601.23594,6.1.7601.23594,6.1,9.0,6.1,6.1
6,"c:\windows\system32\USP10.DLL",2017-05-12 20:22:44,2017-05-12 20:23:11,806912,A,0x000CD25A,0x000CD25A,x64,GUI,"CV",0x000007FF760C0000,Unknown,0x000CB000,Not Loaded,1.626.7601.23807,1.626.7601.23807,6.1,9.0,6.1,6.1
6,"c:\windows\winsxs\amd64_microsoft.vc90.crt_1fc8b3b9a1e18e3b_9.0.30729.4940_none_08e4299fa83d7e3c\MSVCR90.DLL",2010-11-21 05:25:01,2010-09-29 08:56:46,624464,A,0x000A4EC5,0x000A4EC5,x64,GUI,"CV",0x0000000078620000,Unknown,0x0009D000,Not Loaded,9.0.30729.4940,9.0.30729.4940,9.0,9.0,5.2,5.2
D6,"c:\windows\system32\ACLUI.DLL",2009-07-14 03:40:00,2009-07-14 03:24:56,154112,A,0x0002AA50,0x0002AA50,x64,Console,"CV",0x000007FF7F000000,Unknown,0x00029000,Not Loaded,6.1.7600.16385,6.1.7600.16385,6.1,9.0,6.1,6.1
D6,"c:\windows\system32\ACTIVEDS.DLL",2009-07-14 03:40:00,2009-07-14 03:25:04,267776,A,0x0004182D,0x0004182D,x64,Console,"CV",0x000007FF75800000,Unknown,0x00046000,Not Loaded,6.1.7600.16385,6.1.7600.16385,6.1,9.0,6.1,6.1
D6,"c:\windows\system32\ADSLDPC.DLL",2009-07-14 03:40:00,2009-07-14 03:24:55,236544,A,0x000418A9,0x000418A9,x64,Console,"CV",0x000007FF75C00000,Unknown,0x0003D000,Not Loaded,6.1.7600.16385,6.1.7600.16385,6.1,9.0,6.1,6.1
D6,"c:\windows\system32\ADVPACK.DLL",2009-07-14 03:40:01,2009-07-14 03:25:00,160256,A,0x00029A12,0x00029A12,x64,GUI,"CV",0x000007FF75000000,Unknown,0x00038000,Not Loaded,8.0.7600.16385,8.0.7600.16385,6.1,9.0,6.1,5.2
D6,"c:\windows\system32\API-MS-WIN-DOWNLEVEL-ADVAPI32-L1-1-0.DLL",2017-08-29 17:13:45,2013-01-13 22:35:18,10752,HA,0x0000A3DF,0x0000A3DF,x64,Console,"CV",0x0000000180000000,Unknown,0x00005000,Not Loaded,6.2.9200.16492,6.2.9200.16492,6.2,10.10,6.2,6.1
D6,"c:\windows\system32\API-MS-WIN-DOWNLEVEL-ADVAPI32-L2-1-0.DLL",2017-08-29 17:13:45,2013-01-13 22:32:07,3584,HA,0x0000451C,0x0000451C,x64,Console,"CV",0x0000000180000000,Unknown,0x00004000,Not Loaded,6.2.9200.16492,6.2.9200.16492,6.2,10.10,6.2,6.1
D6,"c:\windows\system32\API-MS-WIN-DOWNLEVEL-NORMALIZ-L1-1-0.DLL",2017-08-29 17:13:45,2013-01-13 22:35:31,2560,HA,0x00003D4B,0x00003D4B,x64,Console,"CV",0x0000000180000000,Unknown,0x00003000,Not Loaded,6.2.9200.16492,6.2.9200.16492,6.2,10.10,6.2,6.1
D6,"c:\windows\system32\API-MS-WIN-DOWNLEVEL-OLE32-L1-1-0.DLL",2017-08-29 17:13:45,2013-01-13 22:31:41,5632,HA,0x00009D07,0x00009D07,x64,Console,"CV",0x0000000180000000,Unknown,0x00004000,Not Loaded,6.2.9200.16492,6.2.9200.16492,6.2,10.10,6.2,6.1
D6,"c:\windows\system32\API-MS-WIN-DOWNLEVEL-SHELL32-L1-1-0.DLL",2017-08-29 17:13:45,2013-01-13 22:31:40,3072,HA,0x00001595,0x00001595,x64,Console,"CV",0x0000000180000000,Unknown,0x00004000,Not Loaded,6.2.9200.16492,6.2.9200.16492,6.2,10.10,6.2,6.1
D6,"c:\windows\system32\API-MS-WIN-DOWNLEVEL-SHLWAPI-L1-1-0.DLL",2017-08-29 17:13:45,2013-01-13 22:35:31,9728,HA,0x00008381,0x00008381,x64,Console,"CV",0x0000000180000000,Unknown,0x00004000,Not Loaded,6.2.9200.16492,6.2.9200.16492,6.2,10.10,6.2,6.1
D6,"c:\windows\system32\API-MS-WIN-DOWNLEVEL-SHLWAPI-L2-1-0.DLL",2017-08-29 17:13:45,2013-01-13 22:31:40,5632,HA,0x00010B11,0x00010B11,x64,Console,"CV",0x0000000180000000,Unknown,0x00004000,Not Loaded,6.2.9200.16492,6.2.9200.16492,6.2,10.10,6.2,6.1
D6,"c:\windows\system32\API-MS-WIN-DOWNLEVEL-USER32-L1-1-0.DLL",2017-08-29 17:13:45,2013-01-13 22:31:48,4096,HA,0x0000F92D,0x0000F92D,x64,Console,"CV",0x0000000180000000,Unknown,0x00004000,Not Loaded,6.2.9200.16492,6.2.9200.16492,6.2,10.10,6.2,6.1
D6,"c:\windows\system32\API-MS-WIN-DOWNLEVEL-VERSION-L1-1-0.DLL",2017-08-29 17:13:45,2013-01-13 22:31:40,3072,HA,0x000103BE,0x000103BE,x64,Console,"CV",0x0000000180000000,Unknown,0x00004000,Not Loaded,6.2.9200.16492,6.2.9200.16492,6.2,10.10,6.2,6.1
D6,"c:\windows\system32\API-MS-WIN-SECURITY-LSALOOKUP-L1-1-0.DLL",2009-07-14 03:24:53,2009-07-14 03:25:54,3584,HA,0x00005032,0x00005032,x64,Console,"CV",0x000007FF26E40000,Unknown,0x00004000,Not Loaded,6.1.7600.16385,6.1.7600.16385,6.1,9.0,6.1,6.1
D6,"c:\windows\system32\API-MS-WIN-SECURITY-SDDL-L1-1-0.DLL",2009-07-14 03:24:53,2009-07-14 03:25:55,3072,HA,0x0000E7BD,0x0000E7BD,x64,Console,"CV",0x000007FF26E30000,Unknown,0x00004000,Not Loaded,6.1.7600.16385,6.1.7600.16385,6.1,9.0,6.1,6.1
D6,"c:\windows\system32\APPHELP.DLL",2010-11-21 05:24:03,2010-11-20 14:52:38,342016,A,0x00062B68,0x00062B68,x64,GUI,"CV",0x000007FF738B0000,Unknown,0x00057000,Not Loaded,6.1.7601.17514,6.1.7601.17514,6.1,9.0,6.1,6.1
D6,"c:\windows\system32\ATL.DLL",2009-07-14 03:40:03,2009-07-14 03:25:04,90624,A,0x00020029,0x00020029,x64,Console,"CV",0x000007FF71190000,Unknown,0x00019000,Not Loaded,3.5.2284.0,6.5.0.2284,6.1,9.0,6.1,6.1
D6,"c:\windows\system32\AUTHZ.DLL",2009-07-14 03:40:04,2009-07-14 03:25:28,177664,A,0x0003B5DB,0x0003B5DB,x64,Console,"CV",0x000007FF73000000,Unknown,0x0002F000,Not Loaded,6.1.7600.16385,6.1.7600.16385,6.1,9.0,6.1,6.1
D6,"c:\windows\system32\AVRT.DLL",2009-07-14 03:40:05,2009-07-14 03:25:42,18432,A,0x0000565E,0x0000565E,x64,Console,"CV",0x000007FF7CC00000,Unknown,0x00009000,Not Loaded,6.1.7600.16385,6.1.7600.16385,6.1,9.0,6.1,6.1
D6,"c:\windows\system32\BCRYPT.DLL",2017-07-07 17:29:29,2017-07-07 17:29:36,123904,A,0x00020B46,0x00020B46,x64,Console,"CV",0x000007FF71AD0000,Unknown,0x00022000,Not Loaded,6.1.7601.23864,6.1.7601.23864,6.1,9.0,6.1,6.1
D6,"c:\windows\system32\BROWCLI.DLL",2012-07-05 00:13:27,2012-07-05 00:03:05,59392,A,0x00015DA4,0x00015DA4,x64,Console,"CV",0x000007FF2BB60000,Unknown,0x00012000,Not Loaded,6.1.7601.17887,6.1.7601.17887,6.1,9.0,6.1,6.1
D6,"c:\windows\system32\CABINET.DLL",2010-11-21 05:24:32,2010-11-20 14:55:15,94720,A,0x000250CE,0x000250CE,x64,GUI,"CV",0x000007FF71110000,Unknown,0x0001B000,Not Loaded,6.1.7601.17514,6.1.7601.17514,6.1,9.0,6.1,5.2
D6,"c:\windows\system32\CERTCLI.DLL",2017-07-07 17:29:29,2017-07-07 17:29:54,463872,A,0x00080F20,0x00080F20,x64,Console,"CV",0x000007FF748B0000,Unknown,0x00076000,Not Loaded,6.1.7601.23864,6.1.7601.23864,6.1,9.0,6.1,6.0
D6,"c:\windows\system32\CERTENROLL.DLL",2010-11-21 05:24:15,2010-11-20 14:55:42,1975296,A,0x001EF3AF,0x001EF3AF,x64,Console,"CV",0x000007FF7AC00000,Unknown,0x001E6000,Not Loaded,6.1.7601.17514,6.1.7601.17514,6.1,9.0,6.1,6.1
D6,"c:\windows\system32\CFGMGR32.DLL",2010-11-21 05:24:00,2010-11-20 14:55:56,207872,A,0x0003DDD1,0x0003DDD1,x64,Console,"CV",0x000007FF72C00000,Unknown,0x00036000,Not Loaded,6.1.7601.17514,6.1.7601.17514,6.1,9.0,6.1,6.1
D6,"c:\windows\system32\CLBCATQ.DLL",2009-07-14 03:40:15,2009-07-14 03:26:18,607744,A,0x00096B25,0x00096B25,x64,GUI,"CV",0x000007FF7E800000,Unknown,0x00099000,Not Loaded,2001.12.8530.16385,6.1.7600.16385,6.1,9.0,6.1,6.1
D6,"c:\windows\system32\COMDLG32.DLL",2010-11-21 05:24:22,2010-11-20 14:59:33,594432,A,0x0009D91B,0x0009D91B,x64,GUI,"CV",0x000007FF75550000,Unknown,0x00097000,Not Loaded,6.1.7601.17514,6.1.7601.17514,6.1,9.0,6.1,6.1
D6,"c:\windows\system32\CREDUI.DLL",2010-11-21 05:24:15,2010-11-20 14:59:57,197120,A,0x0003E871,0x0003E871,x64,Console,"CV",0x000007FF72800000,Unknown,0x00034000,Not Loaded,6.1.7601.17514,6.1.7601.17514,6.1,9.0,6.1,6.1
D6,"c:\windows\system32\CRYPT32.DLL",2017-04-12 17:32:10,2017-04-12 17:36:05,1483776,A,0x0016F72F,0x0016F72F,x64,GUI,"CV",0x000007FF7FC00000,Unknown,0x0016D000,Not Loaded,6.1.7601.23769,6.1.7601.23769,6.1,9.0,6.1,6.1
D6,"c:\windows\system32\CRYPTBASE.DLL",2017-07-07 17:29:30,2017-07-07 17:33:26,43520,A,0x00017076,0x00017076,x64,Console,"CV",0x000007FF2ADE0000,Unknown,0x0000F000,Not Loaded,6.1.7601.23864,6.1.7601.23864,6.1,9.0,6.1,6.1
D6,"c:\windows\system32\CRYPTSP.DLL",2016-06-14 19:16:25,2016-06-14 19:20:25,81920,A,0x0001A006,0x0001A006,x64,Console,"CV",0x000007FF2ADA0000,Unknown,0x00018000,Not Loaded,6.1.7601.23471,6.1.7601.23471,6.1,9.0,6.1,6.1
D6,"c:\windows\system32\CRYPTUI.DLL",2016-06-14 19:16:25,2016-06-14 19:20:27,1068544,A,0x0010BE7C,0x0010BE7C,x64,GUI,"CV",0x000007FF78400000,Unknown,0x0010A000,Not Loaded,6.1.7601.23471,6.1.7601.23471,6.1,9.0,6.1,6.1
D6,"c:\windows\system32\CSCAPI.DLL",2010-11-21 05:23:51,2010-11-20 15:00:10,46080,A,0x000189CF,0x000189CF,x64,Console,"CV",0x000007FF2AD80000,Unknown,0x0000F000,Not Loaded,6.1.7601.17514,6.1.7601.17514,6.1,9.0,6.1,6.1
D6,"c:\windows\system32\D2D1.DLL",2017-08-29 17:13:44,2013-01-13 21:10:33,3928064,A,0x003CCA76,0x003CCA76,x64,GUI,"CV",0x0000000180000000,Unknown,0x003C4000,Not Loaded,6.2.9200.16492,6.2.9200.16492,6.2,10.10,6.2,6.1
D6,"c:\windows\system32\D3D11.DLL",2017-08-29 17:10:11,2013-03-28 05:13:47,1887232,A,0x001CD732,0x001CD732,x64,Console,"CV",0x0000000180000000,Unknown,0x001D5000,Not Loaded,6.2.9200.16570,6.2.9200.16570,6.2,10.10,6.2,6.1
D6,"c:\windows\system32\DAVHLPR.DLL",2009-07-14 03:40:25,2009-07-14 03:26:26,25600,A,0x000078A6,0x000078A6,x64,GUI,"CV",0x000007FF266E0000,Unknown,0x0000A000,Not Loaded,6.1.7600.16385,6.1.7600.16385,6.1,9.0,6.1,6.1
D6,"c:\windows\system32\DBGHELP.DLL",2010-11-21 05:24:00,2010-11-20 14:57:16,1087488,A,0x00115E3B,0x00115E3B,x64,Console,"CV",0x000007FF77C30000,Unknown,0x00125000,Not Loaded,6.1.7601.17514,6.1.7601.17514,6.1,9.0,6.1,6.1
D6,"c:\windows\system32\DEVMGR.DLL",2009-07-14 03:40:28,2009-07-14 03:26:56,528896,A,0x000904E3,0x000904E3,x64,GUI,"CV",0x000007FF74ED0000,Unknown,0x00083000,Not Loaded,6.1.7600.16385,6.1.7600.16385,6.1,9.0,6.1,6.1
D6,"c:\windows\system32\DEVOBJ.DLL",2009-07-14 03:40:28,2009-07-14 03:26:57,93184,A,0x00025322,0x00025322,x64,Console,"CV",0x000007FF2ACA0000,Unknown,0x0001A000,Not Loaded,6.1.7600.16385,6.1.7600.16385,6.1,9.0,6.1,6.1
D6,"c:\windows\system32\DEVRTL.DLL",2009-07-14 03:40:28,2009-07-14 03:26:58,58368,A,0x0000F6FC,0x0000F6FC,x64,Console,"CV",0x000007FF2AC80000,Unknown,0x00012000,Not Loaded,6.1.7600.16385,6.1.7600.16385,6.1,9.0,6.1,6.1
D6,"c:\windows\system32\DFSCLI.DLL",2009-07-14 03:40:28,2009-07-14 03:27:00,62976,A,0x00018431,0x00018431,x64,Console,"CV",0x000007FF2AC40000,Unknown,0x00013000,Not Loaded,6.1.7600.16385,6.1.7600.16385,6.1,9.0,6.1,6.1
D6,"c:\windows\system32\DHCPCSVC.DLL",2009-07-14 03:40:28,2009-07-14 03:26:30,87040,A,0x0001B689,0x0001B689,x64,Console,"CV",0x000007FF71030000,Unknown,0x00018000,Not Loaded,6.1.7600.16385,6.1.7600.16385,6.1,9.0,6.1,6.1
D6,"c:\windows\system32\DHCPCSVC6.DLL",2009-07-14 03:40:28,2009-07-14 03:26:31,54272,A,0x0001AC6D,0x0001AC6D,x64,Console,"CV",0x000007FF71010000,Unknown,0x00011000,Not Loaded,6.1.7600.16385,6.1.7600.16385,6.1,9.0,6.1,6.1
D6,"c:\windows\system32\DNSAPI.DLL",2011-03-03 08:24:15,2011-03-03 08:10:57,357888,A,0x00058DFA,0x00058DFA,x64,Console,"CV",0x000007FF73740000,Unknown,0x0005B000,Not Loaded,6.1.7601.17570,6.1.7601.17570,6.1,9.0,6.1,6.1
D6,"c:\windows\system32\DRVSTORE.DLL",2010-11-21 05:24:02,2010-11-20 14:59:02,422912,A,0x0006A131,0x0006A131,x64,Console,"CV",0x000007FF38F20000,Unknown,0x0006B000,Not Loaded,6.1.7601.17514,6.1.7601.17514,6.1,9.0,6.1,5.2
D6,"c:\windows\system32\DSROLE.DLL",2009-07-14 03:40:34,2009-07-14 03:27:57,32768,A,0x0000B078,0x0000B078,x64,Console,"CV",0x000007FF26510000,Unknown,0x0000C000,Not Loaded,6.1.7600.16385,6.1.7600.16385,6.1,9.0,6.1,6.1
D6,"c:\windows\system32\DUI70.DLL",2009-07-14 03:40:34,2009-07-14 03:28:05,976896,A,0x000FA789,0x000FA789,x64,GUI,"CV",0x000007FF43CE0000,Unknown,0x000F2000,Not Loaded,6.1.7600.16385,6.1.7600.16385,6.1,9.0,6.1,6.1
D6,"c:\windows\system32\DUSER.DLL",2009-07-14 03:40:34,2009-07-14 03:28:06,260608,A,0x000489A3,0x000489A3,x64,GUI,"CV",0x000007FF72DD0000,Unknown,0x00043000,Not Loaded,6.1.7600.16385,6.1.7600.16385,6.1,9.0,6.1,6.1
D6,"c:\windows\system32\DWRITE.DLL",2017-08-29 17:13:44,2013-01-13 21:59:03,1643520,A,0x0019C05A,0x0019C05A,x64,Console,"CV",0x0000000180000000,Unknown,0x00196000,Not Loaded,6.2.9200.16492,6.2.9200.16492,6.2,10.10,6.2,6.1
D6,"c:\windows\system32\DXGI.DLL",2017-08-29 17:13:44,2013-01-13 21:49:17,363008,A,0x0005B66C,0x0005B66C,x64,Console,"CV",0x0000000180000000,Unknown,0x0005D000,Not Loaded,6.2.9200.16492,6.2.9200.16492,6.2,10.10,6.2,6.1
D6,"c:\windows\system32\EAPPCFG.DLL",2009-07-14 03:40:35,2009-07-14 03:26:40,263680,A,0x0004E28A,0x0004E28A,x64,Console,"CV",0x000007FF72D80000,Unknown,0x00044000,Not Loaded,6.1.7600.16385,6.1.7600.16385,6.1,9.0,6.1,6.1
D6,"c:\windows\system32\EAPPPRXY.DLL",2009-07-14 03:40:35,2009-07-14 03:26:43,64512,A,0x0001563C,0x0001563C,x64,Console,"CV",0x000007FF70F40000,Unknown,0x00014000,Not Loaded,6.1.7600.16385,6.1.7600.16385,6.1,9.0,6.1,6.1
D6,"c:\windows\system32\EFSADU.DLL",2009-07-14 03:40:35,2009-07-14 03:26:46,97280,A,0x0001FD73,0x0001FD73,x64,GUI,"CV",0x000007FF70F00000,Unknown,0x0001D000,Not Loaded,6.1.7600.16385,6.1.7600.16385,6.1,9.0,6.1,6.1
D6,"c:\windows\system32\EFSUTIL.DLL",2009-07-14 03:40:36,2009-07-14 03:26:50,34816,A,0x000181A2,0x000181A2,x64,Console,"CV",0x000007FF264C0000,Unknown,0x0000C000,Not Loaded,6.1.7600.16385,6.1.7600.16385,6.1,9.0,6.1,6.1
D6,"c:\windows\system32\ELSCORE.DLL",2009-07-14 03:40:37,2009-07-14 03:27:27,45568,A,0x00018F7F,0x00018F7F,x64,GUI,"CV",0x000007FF2A8A0000,Unknown,0x0000F000,Not Loaded,6.1.7600.16385,6.1.7600.16385,6.1,9.0,6.1,5.2
D6,"c:\windows\system32\FMS.DLL",2010-11-21 05:24:26,2010-11-20 14:59:51,116224,A,0x000224F0,0x000224F0,x64,GUI,"CV",0x000007FF2EA50000,Unknown,0x00021000,Not Loaded,1.1.6000.16384,1.1.6000.16384,6.1,9.0,6.1,6.1
D6,"c:\windows\system32\GPAPI.DLL",2016-05-12 19:14:46,2016-05-12 19:14:54,96256,A,0x00023CA5,0x00023CA5,x64,Console,"CV",0x000007FF70E60000,Unknown,0x0001B000,Not Loaded,6.1.7601.23452,6.1.7601.23452,6.1,9.0,6.1,6.1
D6,"c:\windows\system32\GPSVC.DLL",2016-05-12 19:14:46,2016-05-12 19:14:48,794624,A,0x000C9962,0x000C9962,x64,Console,"CV",0x000007FF76490000,Unknown,0x000C6000,Not Loaded,6.1.7601.23452,6.1.7601.23452,6.1,9.0,6.1,6.1
D6,"c:\windows\system32\HLINK.DLL",2016-11-21 20:12:11,2016-11-21 20:12:31,109568,A,0x00025E04,0x00025E04,x64,Console,"CV",0x000007FF70E20000,Unknown,0x0001E000,Not Loaded,6.1.7601.23601,6.1.7601.23601,6.1,9.0,6.1,5.2
D6,"c:\windows\system32\IEADVPACK.DLL",2017-08-29 17:31:26,2013-10-14 08:21:12,131072,A,0x000276CB,0x000276CB,x64,GUI,"CV",0x0000000165000000,Unknown,0x00031000,Not Loaded,11.0.9600.16428,11.0.9600.16428,6.3,11.0,6.3,6.1
D6,"c:\windows\system32\IERTUTIL.DLL",2017-08-29 17:31:26,2015-05-22 21:00:02,2885632,A,0x002D0705,0x002D0705,x64,GUI,"CV",0x0000000180000000,Unknown,0x002C7000,Not Loaded,11.0.9600.17840,11.0.9600.17840,6.3,11.0,6.3,6.1
D6,"c:\windows\system32\IEUI.DLL",2017-08-29 17:31:26,2015-05-22 20:48:46,633856,A,0x000A1A78,0x000A1A78,x64,GUI,"CV",0x0000000180000000,Unknown,0x0009E000,Not Loaded,11.0.9600.17840,11.0.9600.17840,6.3,11.0,6.3,6.1
D6,"c:\windows\system32\IMAGEHLP.DLL",2013-10-19 04:18:57,2013-10-19 04:19:09,81408,A,0x00015EAD,0x00015EAD,x64,Console,"CV",0x000007FF70E00000,Unknown,0x00019000,Not Loaded,6.1.7601.18288,6.1.7601.18288,6.1,9.0,6.1,6.1
D6,"c:\windows\system32\IMGUTIL.DLL",2017-08-29 17:31:21,2013-10-14 06:30:13,48128,A,0x0000C46D,0x0000C46D,x64,GUI,"CV",0x000000011B000000,Unknown,0x00010000,Not Loaded,11.0.9600.16428,11.0.9600.16428,6.3,11.0,6.3,6.1
D6,"c:\windows\system32\INETCOMM.DLL",2017-01-13 20:00:09,2017-01-13 20:00:35,976896,A,0x000F772E,0x000F772E,x64,GUI,"CV",0x000007FF770F0000,Unknown,0x000F3000,Not Loaded,6.1.7601.23651,6.1.7601.23651,6.1,9.0,6.1,6.0
D6,"c:\windows\system32\IPHLPAPI.DLL",2010-11-21 05:24:16,2010-11-20 15:02:18,145920,A,0x00027B49,0x00027B49,x64,Console,"CV",0x000007FF71890000,Unknown,0x00027000,Not Loaded,6.1.7601.17514,6.1.7601.17514,6.1,9.0,6.1,6.1
D6,"c:\windows\system32\LINKINFO.DLL",2009-07-14 03:41:18,2009-07-14 03:28:43,29696,A,0x00008FED,0x00008FED,x64,GUI,"CV",0x000007FF70430000,Unknown,0x0000C000,Not Loaded,6.1.7600.16385,6.1.7600.16385,6.1,9.0,6.1,6.1
D6,"c:\windows\system32\LOGONCLI.DLL",2010-11-21 05:24:07,2010-11-20 15:03:26,186880,A,0x0002FE73,0x0002FE73,x64,GUI,"CV",0x000007FF31AC0000,Unknown,0x00030000,Not Loaded,6.1.7601.17514,6.1.7601.17514,6.1,9.0,6.1,6.1
D6,"c:\windows\system32\MFC42U.DLL",2011-03-11 08:34:51,2011-03-11 08:23:02,1359872,A,0x0015901B,0x0015901B,x64,Console,"CV",0x000007FF78510000,Unknown,0x00150000,Not Loaded,6.6.8064.0,6.6.4.0,6.1,9.0,6.1,6.1
D6,"c:\windows\system32\MLANG.DLL",2009-07-14 03:41:26,2009-07-14 03:29:05,226816,A,0x00038FA3,0x00038FA3,x64,GUI,"CV",0x000007FF72300000,Unknown,0x0003B000,Not Loaded,6.1.7600.16385,6.1.7600.16385,6.1,9.0,6.1,5.2
D6,"c:\windows\system32\MMDEVAPI.DLL",2009-07-14 03:41:26,2009-07-14 03:29:12,284160,A,0x0004CE08,0x0004CE08,x64,Console,"CV",0x000007FF72B60000,Unknown,0x0004B000,Not Loaded,6.1.7600.16385,6.1.7600.16385,6.1,9.0,6.1,6.1
D6,"c:\windows\system32\MPR.DLL",2009-07-14 03:41:26,2009-07-14 03:29:24,80896,A,0x0001CD9B,0x0001CD9B,x64,Console,"CV",0x000007FF70CE0000,Unknown,0x00018000,Not Loaded,6.1.7600.16385,6.1.7600.16385,6.1,9.0,6.1,6.1
D6,"c:\windows\system32\MPRAPI.DLL",2010-11-21 05:24:07,2010-11-20 15:05:28,221184,A,0x0003C948,0x0003C948,x64,Console,"CV",0x000007FF722C0000,Unknown,0x0003A000,Not Loaded,6.1.7601.17514,6.1.7601.17514,6.1,9.0,6.1,6.1
D6,"c:\windows\system32\MPRMSG.DLL",2009-07-14 03:41:27,2009-07-14 03:29:28,105984,A,0x00026D6C,0x00026D6C,x64,Console,"CV",0x000007FF2DF70000,Unknown,0x0001F000,Not Loaded,6.1.7600.16385,6.1.7600.16385,6.1,9.0,6.1,6.1
D6,"c:\windows\system32\MSASN1.DLL",2010-11-21 05:24:22,2010-11-20 15:06:13,46592,A,0x00016B39,0x00016B39,x64,GUI,"CV",0x000007FF70CA0000,Unknown,0x0000F000,Not Loaded,6.1.7601.17514,6.1.7601.17514,6.1,9.0,6.1,6.1
D6,"c:\windows\system32\MSCTF.DLL",2016-10-11 17:31:58,2016-10-11 17:33:06,1068544,A,0x00112C2A,0x00112C2A,x64,GUI,"CV",0x000007FF774B0000,Unknown,0x00109000,Not Loaded,6.1.7601.23572,6.1.7601.23572,6.1,9.0,6.1,6.1
D6,"c:\windows\system32\MSFEEDS.DLL",2017-08-29 17:31:24,2015-05-22 20:06:48,801280,A,0x000D341E,0x000D341E,x64,GUI,"CV",0x0000000180000000,Unknown,0x000C9000,Not Loaded,11.0.9600.17840,11.0.9600.17840,6.3,11.0,6.3,6.1
D6,"c:\windows\system32\MSHTML.DLL",2017-08-29 17:31:24,2015-05-27 16:29:26,24917504,A,0x017CD65D,0x017CD65D,x64,GUI,"CV",0x0000000180000000,Unknown,0x017CD000,Not Loaded,11.0.9600.17842,11.0.9600.17842,6.3,11.0,6.3,6.1
D6,"c:\windows\system32\MSI.DLL",2016-11-09 18:33:34,2016-11-09 18:35:33,3244032,A,0x00325FD1,0x00325FD1,x64,Console,"CV",0x000007FF7D8E0000,Unknown,0x0031E000,Not Loaded,5.0.7601.23593,5.0.7601.23593,6.1,9.0,6.1,5.2
D6,"c:\windows\system32\MSILTCFG.DLL",2009-07-14 03:41:29,2009-07-14 03:31:17,19968,A,0x000070E9,0x000070E9,x64,Console,"CV",0x000007FF25C70000,Unknown,0x00009000,Not Loaded,5.0.7600.16385,5.0.7600.16385,6.1,9.0,6.1,6.1
D6,"c:\windows\system32\MSIMG32.DLL",2009-07-14 03:41:29,2009-07-14 03:31:18,8192,A,0x000099E2,0x000099E2,x64,Console,"CV",0x000007FF70380000,Unknown,0x00007000,Not Loaded,6.1.7600.16385,6.1.7600.16385,6.1,9.0,6.1,5.2
D6,"c:\windows\system32\MSLS31.DLL",2017-08-29 17:31:26,2013-10-14 08:54:01,247808,A,0x00040848,0x00040848,x64,GUI,"CV",0x0000000180000000,Unknown,0x00042000,Not Loaded,3.10.349.0,3.10.0.0,6.3,11.0,6.3,6.1
D6,"c:\windows\system32\MSOERT2.DLL",2009-07-14 03:41:30,2009-07-14 03:29:54,112640,A,0x0002329E,0x0002329E,x64,GUI,"CV",0x000007FF717D0000,Unknown,0x00024000,Not Loaded,6.1.7600.16385,6.1.7600.16385,6.1,9.0,6.1,6.0
D6,"c:\windows\system32\MSRATING.DLL",2017-08-29 17:31:26,2015-05-22 20:25:02,199680,A,0x0003900B,0x0003900B,x64,GUI,"CV",0x0000000180000000,Unknown,0x00037000,Not Loaded,11.0.9600.17840,11.0.9600.17840,6.3,11.0,6.3,6.1
D6,"c:\windows\system32\MSSIGN32.DLL",2009-07-14 03:41:31,2009-07-14 03:30:13,50688,A,0x00013AE8,0x00013AE8,x64,GUI,"CV",0x000007FF70C00000,Unknown,0x00010000,Not Loaded,6.1.7600.16385,6.1.7600.16385,6.1,9.0,6.1,6.1
D6,"c:\windows\system32\NETAPI32.DLL",2012-07-05 00:16:43,2012-07-05 00:07:24,73216,A,0x0001EE9E,0x0001EE9E,x64,Console,"CV",0x000007FF70B60000,Unknown,0x00016000,Not Loaded,6.1.7601.17887,6.1.7601.17887,6.1,9.0,6.1,6.1
D6,"c:\windows\system32\NETBIOS.DLL",2009-07-14 03:41:52,2009-07-14 03:31:14,18944,A,0x00007F7A,0x00007F7A,x64,Console,"CV",0x000007FF25B10000,Unknown,0x0000A000,Not Loaded,6.1.7600.16385,6.1.7600.16385,6.1,9.0,6.1,6.1
D6,"c:\windows\system32\NETJOIN.DLL",2010-11-21 05:24:09,2010-11-20 15:09:38,188928,A,0x0003D874,0x0003D874,x64,Console,"CV",0x000007FF313C0000,Unknown,0x00032000,Not Loaded,6.1.7601.17514,6.1.7601.17514,6.1,9.0,6.1,6.1
D6,"c:\windows\system32\NETPLWIZ.DLL",2010-11-21 05:24:26,2010-11-20 15:09:42,193024,A,0x0003A4A2,0x0003A4A2,x64,GUI,"CV",0x000007FF31380000,Unknown,0x00032000,Not Loaded,6.1.7601.17514,6.1.7601.17514,6.1,9.0,6.1,6.1
D6,"c:\windows\system32\NETUTILS.DLL",2010-11-21 05:24:03,2010-11-20 15:09:48,29184,A,0x0000A8C5,0x0000A8C5,x64,Console,"CV",0x000007FF25B00000,Unknown,0x0000C000,Not Loaded,6.1.7601.17514,6.1.7601.17514,6.1,9.0,6.1,6.1
D6,"c:\windows\system32\NEWDEV.DLL",2009-07-14 03:41:52,2009-07-14 03:31:04,313856,A,0x00055B0E,0x00055B0E,x64,Console,"CV",0x000007FF733A0000,Unknown,0x00051000,Not Loaded,6.0.5054.0,6.0.5054.0,6.1,9.0,6.1,6.1
D6,"c:\windows\system32\NLAAPI.DLL",2012-10-03 19:44:21,2012-10-03 19:44:21,70656,A,0x00017AB8,0x00017AB8,x64,Console,"CV",0x000007FF70B40000,Unknown,0x00015000,Not Loaded,6.1.7601.17964,6.1.7601.17964,6.1,9.0,6.1,6.1
D6,"c:\windows\system32\NORMALIZ.DLL",2009-07-14 03:31:40,2009-07-14 03:32:18,2560,A,0x00003002,0x00003002,x64,GUI,"CV",0x0000000000400000,Unknown,0x00003000,Not Loaded,6.1.7600.16385,6.1.7600.16385,6.1,9.0,6.1,6.1
D6,"c:\windows\system32\NSI.DLL",2009-07-14 03:41:53,2009-07-14 03:32:25,13824,A,0x00005F1E,0x00005F1E,x64,Console,"CV",0x000007FF70310000,Unknown,0x00008000,Not Loaded,6.1.7600.16385,6.1.7600.16385,6.1,9.0,6.1,6.1
D6,"c:\windows\system32\NTDSAPI.DLL",2009-07-14 03:41:53,2009-07-14 03:32:30,152064,A,0x0002E419,0x0002E419,x64,Console,"CV",0x000007FF716E0000,Unknown,0x00027000,Not Loaded,6.1.7600.16385,6.1.7600.16385,6.1,9.0,6.1,6.1
D6,"c:\windows\system32\NTSHRUI.DLL",2010-11-21 05:23:51,2010-11-20 15:11:41,509952,A,0x0008A360,0x0008A360,x64,GUI,"CV",0x000007FF74C00000,Unknown,0x00080000,Not Loaded,6.1.7601.17514,6.1.7601.17514,6.1,9.0,6.1,6.1
D6,"c:\windows\system32\OCCACHE.DLL",2017-08-29 17:31:22,2013-10-14 07:30:59,147968,A,0x00026D19,0x00026D19,x64,GUI,"CV",0x0000000180000000,Unknown,0x00028000,Not Loaded,11.0.9600.16428,11.0.9600.16428,6.3,11.0,6.3,6.1
D6,"c:\windows\system32\ODBC32.DLL",2010-11-21 05:23:48,2010-11-20 15:11:58,720896,A,0x000BB5BC,0x000BB5BC,x64,GUI,"CV",0x000007FF75D00000,Unknown,0x000B1000,Not Loaded,6.1.7601.17514,6.1.7601.17514,6.1,9.0,6.1,6.1
D6,"c:\windows\system32\OLEACC.DLL",2011-08-27 07:37:48,2011-08-27 07:21:41,331776,A,0x00051A6B,0x00051A6B,x64,GUI,"CV",0x000007FF732E0000,Unknown,0x00054000,Not Loaded,7.0.0.0,6.1.7601.17676,6.1,9.0,6.1,6.1
D6,"c:\windows\system32\OLEAUT32.DLL",2017-04-17 17:37:29,2017-04-17 17:37:50,876544,A,0x000D71B0,0x000D71B0,x64,Console,"CV",0x000007FF76880000,Unknown,0x000DA000,Not Loaded,6.1.7601.23775,6.1.7601.23775,6.1,9.0,6.1,6.1
D6,"c:\windows\system32\OLEDLG.DLL",2009-07-14 03:41:53,2009-07-14 03:32:17,128000,A,0x0002A57C,0x0002A57C,x64,GUI,"CV",0x000007FF715F0000,Unknown,0x00023000,Not Loaded,6.1.7600.16385,6.1.7600.16385,6.1,9.0,6.1,6.1
D6,"c:\windows\system32\ONEX.DLL",2010-11-21 05:23:55,2010-11-20 15:12:24,235520,A,0x0003FAD5,0x0003FAD5,x64,Console,"CV",0x000007FF72930000,Unknown,0x00040000,Not Loaded,6.1.7601.17514,6.1.7601.17514,6.1,9.0,6.1,6.1
D6,"c:\windows\system32\PCWUM.DLL",2009-07-14 03:41:53,2009-07-14 03:32:16,36864,A,0x0000C032,0x0000C032,x64,Native,"CV",0x000007FF25970000,Unknown,0x0000D000,Not Loaded,6.1.7600.16385,6.1.7600.16385,6.1,9.0,6.1,6.1
D6,"c:\windows\system32\POWRPROF.DLL",2009-07-14 03:41:53,2009-07-14 03:33:22,167424,A,0x00037BA8,0x00037BA8,x64,Console,"CV",0x000007FF715C0000,Unknown,0x0002C000,Not Loaded,6.1.7600.16385,6.1.7600.16385,6.1,9.0,6.1,6.1
D6,"c:\windows\system32\PRINTUI.DLL",2010-11-21 05:24:09,2010-11-20 15:13:44,1050624,A,0x001089CE,0x001089CE,x64,Console,"CV",0x000007FF772F0000,Unknown,0x00104000,Not Loaded,6.1.7601.17514,6.1.7601.17514,6.1,9.0,6.1,6.1
D6,"c:\windows\system32\PRNTVPT.DLL",2010-11-21 05:24:16,2010-11-20 15:13:48,156160,A,0x00026E38,0x00026E38,x64,Console,"CV",0x000007FF71590000,Unknown,0x0002A000,Not Loaded,6.1.7601.17514,6.1.7601.17514,6.1,9.0,6.1,5.2
D6,"c:\windows\system32\PROFAPI.DLL",2009-07-14 03:41:53,2009-07-14 03:32:15,44032,A,0x0000CB3E,0x0000CB3E,x64,GUI,"CV",0x000007FF28800000,Unknown,0x0000F000,Not Loaded,6.1.7600.16385,6.1.7600.16385,6.1,9.0,6.1,6.1
D6,"c:\windows\system32\PROPSYS.DLL",2010-11-21 05:23:55,2010-11-20 15:12:42,1212416,A,0x0012CA9F,0x0012CA9F,x64,GUI,"CV",0x000007FF46070000,Unknown,0x0012C000,Not Loaded,7.0.7601.17514,7.0.7601.17514,6.1,9.0,6.1,6.1
D6,"c:\windows\system32\PSAPI.DLL",2009-07-14 03:41:53,2009-07-14 01:26:21,9216,A,0x000076B0,0x000076B0,x64,Console,"CV",0x000000004FB80000,Unknown,0x00007000,Not Loaded,6.1.7600.16385,6.1.7600.16385,6.1,9.0,6.1,6.1
D6,"c:\windows\system32\PUIAPI.DLL",2009-07-14 03:41:53,2009-07-14 03:32:30,194560,A,0x00034D5F,0x00034D5F,x64,Console,"CV",0x000007FF720C0000,Unknown,0x00033000,Not Loaded,6.1.7600.16385,6.1.7600.16385,6.1,9.0,6.1,6.1
D6,"c:\windows\system32\RASAPI32.DLL",2009-07-14 03:41:53,2009-07-14 03:32:30,384512,A,0x000623FA,0x000623FA,x64,GUI,"CV",0x000007FF73C50000,Unknown,0x00062000,Not Loaded,6.1.7600.16385,6.1.7600.16385,6.1,9.0,6.1,6.1
D6,"c:\windows\system32\RASDLG.DLL",2009-07-14 03:41:53,2009-07-14 03:32:36,860672,A,0x000E0D75,0x000E0D75,x64,Console,"CV",0x000007FF76640000,Unknown,0x000D8000,Not Loaded,6.1.7600.16385,6.1.7600.16385,6.1,9.0,6.1,6.1
D6,"c:\windows\system32\RASMAN.DLL",2009-07-14 03:41:53,2009-07-14 03:32:38,100352,A,0x00025B8A,0x00025B8A,x64,GUI,"CV",0x000007FF70980000,Unknown,0x0001C000,Not Loaded,6.1.7600.16385,6.1.7600.16385,6.1,9.0,6.1,6.1
D6,"c:\windows\system32\REGAPI.DLL",2010-11-21 05:23:56,2010-11-20 15:13:42,95232,A,0x0001F681,0x0001F681,x64,Console,"CV",0x000007FF70920000,Unknown,0x0001B000,Not Loaded,6.1.7601.17514,6.1.7601.17514,6.1,9.0,6.1,6.1
D6,"c:\windows\system32\RSTRTMGR.DLL",2009-07-14 03:41:53,2009-07-14 03:32:46,188416,A,0x0003691F,0x0003691F,x64,GUI,"CV",0x000007FF72000000,Unknown,0x00033000,Not Loaded,6.1.7600.16385,6.1.7600.16385,6.1,9.0,6.1,6.1
D6,"c:\windows\system32\RTUTILS.DLL",2010-11-21 05:23:48,2010-11-20 15:13:34,52224,A,0x00014B0B,0x00014B0B,x64,Console,"CV",0x000007FF708E0000,Unknown,0x00011000,Not Loaded,6.1.7601.17514,6.1.7601.17514,6.1,9.0,6.1,6.1
D6,"c:\windows\system32\SAMCLI.DLL",2010-11-21 05:24:28,2010-11-20 15:13:13,67584,A,0x0001B573,0x0001B573,x64,Console,"CV",0x000007FF28520000,Unknown,0x00014000,Not Loaded,6.1.7601.17514,6.1.7601.17514,6.1,9.0,6.1,6.1
D6,"c:\windows\system32\SAMLIB.DLL",2017-02-09 18:32:03,2017-02-09 18:32:06,106496,A,0x00027F52,0x00027F52,x64,Console,"CV",0x000007FF708C0000,Unknown,0x0001D000,Not Loaded,6.1.7601.23677,6.1.7601.23677,6.1,9.0,6.1,6.1
D6,"c:\windows\system32\SCECLI.DLL",2010-11-21 05:24:32,2010-11-20 15:13:26,232960,A,0x00039FDD,0x00039FDD,x64,Console,"CV",0x000007FF71FC0000,Unknown,0x0003E000,Not Loaded,6.1.7601.17514,6.1.7601.17514,6.1,9.0,6.1,6.1
D6,"c:\windows\system32\SECUR32.DLL",2017-07-07 17:29:39,2017-07-07 17:30:35,28160,A,0x0000CC35,0x0000CC35,x64,Console,"CV",0x000007FF70200000,Unknown,0x0000B000,Not Loaded,6.1.7601.23864,6.1.7601.23864,6.1,9.0,6.1,6.1
D6,"c:\windows\system32\SETUPAPI.DLL",2010-11-21 05:24:28,2010-11-20 15:14:10,1900544,A,0x001D7C74,0x001D7C74,x64,GUI,"CV",0x000007FF79A20000,Unknown,0x001D7000,Not Loaded,6.1.7601.17514,6.1.7601.17514,6.1,9.0,6.1,6.1
D6,"c:\windows\system32\SHDOCVW.DLL",2013-07-26 04:24:56,2013-07-26 04:24:57,197120,A,0x0003BD30,0x0003BD30,x64,GUI,"CV",0x000007FF71F40000,Unknown,0x00034000,Not Loaded,6.1.7601.18222,6.1.7601.18222,6.1,9.0,6.1,6.1
D6,"c:\windows\system32\SLC.DLL",2009-07-14 03:41:54,2009-07-14 03:33:23,30720,A,0x00011B30,0x00011B30,x64,Console,"CV",0x000007FF70190000,Unknown,0x0000B000,Not Loaded,6.1.7600.16385,6.1.7600.16385,6.1,9.0,6.1,6.0
D6,"c:\windows\system32\SPFILEQ.DLL",2009-07-14 03:41:54,2009-07-14 03:34:13,97792,A,0x00020208,0x00020208,x64,GUI,"CV",0x000007FF27D40000,Unknown,0x0001B000,Not Loaded,6.1.7600.16385,6.1.7600.16385,6.1,9.0,6.1,6.1
D6,"c:\windows\system32\SPINF.DLL",2009-07-14 03:41:54,2009-07-14 03:34:14,105472,A,0x00028F02,0x00028F02,x64,GUI,"CV",0x000007FF2CAE0000,Unknown,0x0001F000,Not Loaded,6.1.7600.16385,6.1.7600.16385,6.1,9.0,6.1,6.1
D6,"c:\windows\system32\SPPC.DLL",2010-11-21 05:24:24,2010-11-20 15:12:38,145920,A,0x00031BA7,0x00031BA7,x64,Console,"CV",0x000007FF2D6B0000,Unknown,0x00027000,Not Loaded,6.1.7601.17514,6.1.7601.17514,21315.20512,9.0,6.1,6.1
D6,"c:\windows\system32\SRVCLI.DLL",2010-11-21 05:24:03,2010-11-20 15:15:20,128000,A,0x0002C13D,0x0002C13D,x64,Console,"CV",0x000007FF2C990000,Unknown,0x00023000,Not Loaded,6.1.7601.17514,6.1.7601.17514,6.1,9.0,6.1,6.1
D6,"c:\windows\system32\SSPICLI.DLL",2017-07-07 17:29:44,2017-07-07 17:30:37,135680,A,0x0002EBDB,0x0002EBDB,x64,Console,"CV",0x000007FF2C960000,Unknown,0x00025000,Not Loaded,6.1.7601.23864,6.1.7601.23864,6.1,9.0,6.1,6.1
D6,"c:\windows\system32\SYSNTFY.DLL",2009-07-14 03:41:54,2009-07-14 03:33:52,23040,A,0x000156E9,0x000156E9,x64,Console,"CV",0x000007FF70170000,Unknown,0x0000A000,Not Loaded,6.1.7600.16385,6.1.7600.16385,6.1,9.0,6.1,6.1
D6,"c:\windows\system32\TAPI32.DLL",2009-07-14 03:41:55,2009-07-14 03:33:38,248832,A,0x0004A03C,0x0004A03C,x64,GUI,"CV",0x000007FF72670000,Unknown,0x00040000,Not Loaded,6.1.7600.16385,6.1.7600.16385,6.1,9.0,6.1,6.1
D6,"c:\windows\system32\UIAUTOMATIONCORE.DLL",2009-07-14 03:41:55,2009-07-14 03:33:39,751104,A,0x000BDEFD,0x000BDEFD,x64,GUI,"CV",0x000007FF3F280000,Unknown,0x000BA000,Not Loaded,7.0.0.0,6.1.7600.16385,6.1,9.0,6.1,5.2
D6,"c:\windows\system32\URLMON.DLL",2017-08-29 17:31:27,2015-05-22 19:38:07,1545728,A,0x0017A521,0x0017A521,x64,GUI,"CV",0x0000000180000000,Unknown,0x00185000,Not Loaded,11.0.9600.17840,11.0.9600.17840,6.3,11.0,6.3,6.1
D6,"c:\windows\system32\VAULTCLI.DLL",2009-07-14 03:41:56,2009-07-14 03:33:41,41984,A,0x0001846B,0x0001846B,x64,Console,"CV",0x000007FF25250000,Unknown,0x0000E000,Not Loaded,6.1.7600.16385,6.1.7600.16385,6.1,9.0,6.1,6.1
D6,"c:\windows\system32\VERSION.DLL",2009-07-14 03:41:56,2009-07-14 03:33:54,29184,A,0x00011F3F,0x00011F3F,x64,GUI,"CV",0x000007FF700F0000,Unknown,0x0000C000,Not Loaded,6.1.7600.16385,6.1.7600.16385,6.1,9.0,6.1,6.1
D6,"c:\windows\system32\VPNIKEAPI.DLL",2010-11-21 05:23:48,2010-11-20 15:15:35,38912,A,0x0001341F,0x0001341F,x64,Console,"CV",0x000007FF251E0000,Unknown,0x0000E000,Not Loaded,6.1.7601.17514,6.1.7601.17514,6.1,9.0,6.1,6.1
D6,"c:\windows\system32\W32TOPL.DLL",2009-07-14 03:41:56,2009-07-14 03:33:42,35328,A,0x0000B25E,0x0000B25E,x64,Console,"CV",0x000007FF700E0000,Unknown,0x0000D000,Not Loaded,6.1.7600.16385,6.1.7600.16385,6.1,9.0,6.1,6.1
D6,"c:\windows\system32\WDI.DLL",2009-07-14 03:41:56,2009-07-14 03:33:52,90624,A,0x00016978,0x00016978,x64,Console,"CV",0x000007FF70660000,Unknown,0x00019000,Not Loaded,6.1.7600.16385,6.1.7600.16385,6.1,9.0,6.1,6.1
D6,"c:\windows\system32\WEBIO.DLL",2011-11-17 08:35:28,2011-11-17 08:32:54,395776,A,0x00068D2A,0x00068D2A,x64,Console,"CV",0x000007FF37390000,Unknown,0x00064000,Not Loaded,6.1.7601.17725,6.1.7601.17725,6.1,9.0,6.1,6.1
D6,"c:\windows\system32\WEBSERVICES.DLL",2010-11-21 05:24:00,2010-11-20 15:15:35,1158656,A,0x001226B5,0x001226B5,x64,Console,"CV",0x000007FF45C70000,Unknown,0x0011F000,Not Loaded,6.1.7601.17514,6.1.7601.17514,6.1,9.0,6.1,6.1
D6,"c:\windows\system32\WEVTAPI.DLL",2009-07-14 03:41:56,2009-07-14 03:33:59,428032,A,0x0006F4B9,0x0006F4B9,x64,Console,"CV",0x000007FF739D0000,Unknown,0x0006D000,Not Loaded,6.1.7600.16385,6.1.7600.16385,6.1,9.0,6.1,6.1
D6,"c:\windows\system32\WINBRAND.DLL",2009-07-14 03:41:56,2009-07-14 03:34:26,16384,A,0x00006893,0x00006893,x64,Console,"CV",0x000007FF700C0000,Unknown,0x00008000,Not Loaded,6.1.7600.16385,6.1.7600.16385,6.1,9.0,6.1,5.2
D6,"c:\windows\system32\WINDOWSCODECS.DLL",2017-08-29 17:13:44,2013-01-13 21:15:39,1424384,A,0x0015C097,0x0015C097,x64,GUI,"CV",0x0000000180000000,Unknown,0x00161000,Not Loaded,6.2.9200.16492,6.2.9200.16492,6.2,10.10,6.2,6.1
D6,"c:\windows\system32\WINHTTP.DLL",2016-05-11 19:02:49,2016-05-11 19:03:36,444928,A,0x00072D5C,0x00072D5C,x64,GUI,"CV",0x000007FF37320000,Unknown,0x00071000,Not Loaded,6.1.7601.23451,6.1.7601.23451,6.1,9.0,6.1,6.1
D6,"c:\windows\system32\WININET.DLL",2017-08-29 17:31:26,2015-05-22 19:50:01,2426880,A,0x0025DA00,0x0025DA00,x64,GUI,"CV",0x0000000180000000,Unknown,0x0025A000,Not Loaded,11.0.9600.17840,11.0.9600.17840,6.3,11.0,6.3,6.1
D6,"c:\windows\system32\WINMM.DLL",2009-07-14 03:41:56,2009-07-14 03:34:40,217600,A,0x000378FC,0x000378FC,x64,GUI,"CV",0x000007FF71CC0000,Unknown,0x0003B000,Not Loaded,6.1.7600.16385,6.1.7600.16385,6.1,9.0,6.1,6.1
D6,"c:\windows\system32\WINNSI.DLL",2009-07-14 03:41:56,2009-07-14 03:34:41,26112,A,0x00009BC2,0x00009BC2,x64,Console,"CV",0x000007FF700A0000,Unknown,0x0000B000,Not Loaded,6.1.7600.16385,6.1.7600.16385,6.1,9.0,6.1,6.1
D6,"c:\windows\system32\WINSCARD.DLL",2010-11-21 05:24:11,2010-11-20 15:16:33,217600,A,0x00042B07,0x00042B07,x64,Console,"CV",0x000007FF71C80000,Unknown,0x00038000,Not Loaded,6.1.7601.17514,6.1.7601.17514,6.1,9.0,6.1,6.1
D6,"c:\windows\system32\WINSPOOL.DRV",2010-11-21 05:23:55,2010-11-20 15:16:40,442368,A,0x0007AF55,0x0007AF55,x64,GUI,"CV",0x000007FF73F00000,Unknown,0x00071000,Not Loaded,6.1.7601.17514,6.1.7601.17514,6.1,9.0,6.1,6.1
D6,"c:\windows\system32\WINSTA.DLL",2014-07-17 04:07:58,2014-07-17 04:07:36,235520,A,0x0004709C,0x0004709C,x64,Console,"CV",0x000007FF71C00000,Unknown,0x0003D000,Not Loaded,6.1.7601.18540,6.1.7601.18540,6.1,9.0,6.1,6.1
D6,"c:\windows\system32\WINTRUST.DLL",2017-04-12 17:32:24,2017-04-12 17:33:39,229376,A,0x0004334E,0x0004334E,x64,GUI,"CV",0x000007FF71BC0000,Unknown,0x0003B000,Not Loaded,6.1.7601.23769,6.1.7601.23769,6.1,9.0,6.1,6.1
D6,"c:\windows\system32\WKSCLI.DLL",2010-11-21 05:24:26,2010-11-20 15:16:50,71680,A,0x0001ADE9,0x0001ADE9,x64,Console,"CV",0x000007FF27340000,Unknown,0x00015000,Not Loaded,6.1.7601.17514,6.1.7601.17514,6.1,9.0,6.1,6.1
D6,"c:\windows\system32\WLANAPI.DLL",2009-07-14 03:41:56,2009-07-14 03:35:08,114176,A,0x00024A86,0x00024A86,x64,Console,"CV",0x000007FF71310000,Unknown,0x00020000,Not Loaded,6.1.7600.16385,6.1.7600.16385,6.1,9.0,6.1,6.1
D6,"c:\windows\system32\WLANUTIL.DLL",2009-07-14 03:41:56,2009-07-14 03:35:22,10752,A,0x0000AA1E,0x0000AA1E,x64,Console,"CV",0x000007FF24FD0000,Unknown,0x00007000,Not Loaded,6.1.7600.16385,6.1.7600.16385,6.1,9.0,6.1,6.1
D6,"c:\windows\system32\WLDAP32.DLL",2017-06-10 17:59:44,2017-06-10 18:01:21,313856,A,0x0005C2BC,0x0005C2BC,x64,GUI,"CV",0x000007FF72E80000,Unknown,0x00052000,Not Loaded,6.1.7601.23840,6.1.7601.23840,6.1,9.0,6.1,6.1
D6,"c:\windows\system32\WS2_32.DLL",2016-05-11 19:02:50,2016-05-11 19:02:51,296448,A,0x0004C092,0x0004C092,x64,Console,"CV",0x000007FF724E0000,Unknown,0x0004D000,Not Loaded,6.1.7601.23451,6.1.7601.23451,6.1,9.0,6.1,6.1
D6,"c:\windows\system32\WTSAPI32.DLL",2009-07-14 03:41:58,2009-07-14 03:34:20,54272,A,0x00016A1E,0x00016A1E,x64,Console,"CV",0x000007FF70580000,Unknown,0x00011000,Not Loaded,6.1.7600.16385,6.1.7600.16385,6.1,9.0,6.1,6.1
D6,"c:\windows\system32\XMLLITE.DLL",2009-07-14 03:41:59,2009-07-14 03:34:16,199680,A,0x00036EDB,0x00036EDB,x64,GUI,"CV",0x000007FF2FB40000,Unknown,0x00035000,Not Loaded,1.3.1000.0,1.3.1000.0,6.1,9.0,6.1,5.2
D6,"c:\windows\winsxs\amd64_microsoft.windows.common-controls_6595b64144ccf1df_5.82.7601.18837_none_a4d981ff711297b6\COMCTL32.DLL",2015-04-24 20:17:26,2015-04-24 20:15:59,633856,A,0x000A1ABA,0x000A1ABA,x64,GUI,"CV",0x000007FF75850000,Unknown,0x000A0000,Not Loaded,5.82.7601.18837,6.1.7601.18837,6.1,9.0,6.1,6.0
D6,"c:\windows\winsxs\amd64_microsoft.windows.common-controls_6595b64144ccf1df_6.0.7601.18837_none_fa3b1e3d17594757\COMCTL32.DLL",2015-04-24 20:12:05,2015-04-24 20:12:05,2030592,A,0x001FA635,0x001FA635,x64,GUI,"CV",0x000007FF7A200000,Unknown,0x001F4000,Not Loaded,6.10.7601.18837,6.1.7601.18837,6.1,9.0,6.1,6.1
D6,"c:\windows\winsxs\amd64_microsoft.windows.gdiplus_6595b64144ccf1df_1.1.7601.23807_none_14556b8e8b95d1fc\GDIPLUS.DLL",2017-05-12 20:22:29,2017-05-12 20:22:30,2171392,A,0x0021D4D8,0x0021D4D8,x64,Console,"CV",0x000007FF535E0000,Unknown,0x00217000,Not Loaded,6.1.7601.23807,6.1.7601.23807,6.1,9.0,6.1,6.1
